TIME,EKTH,HS_PART,WP_PART,WSPD_ECMWF,WDIR_ECMWF,BOT_DEPTH,DIST2COAST,Outlier_Label
2022-01-01 03:00:00,11.303774,0.5920654,275.48874,6.247119,94.80644,-4927.138,468.01694,0
2022-01-01 06:00:00,15.2064905,0.7294473,276.67328,8.260437,219.53621,-4060.1382,444.1533,0
2022-01-01 09:00:00,13.208535,0.69691026,277.5712,8.382742,200.60114,-4764.5044,826.9839,0
2022-01-01 12:00:00,16.194063,0.6713089,266.98322,6.9304285,170.03685,-4223.3677,951.7286,0
2022-01-01 15:00:00,14.753392,0.67381495,266.37488,7.6705694,166.78842,-4082.2334,611.38605,0
2022-01-01 18:00:00,6.0436225,0.4659567,232.03821,5.6050005,138.639,-3992.81,255.85,0
2022-01-01 21:00:00,9.040099,0.6043842,226.38281,6.7933745,203.009,-4477.216,1032.5125,0
2022-01-02 00:00:00,6.186921,0.50708014,228.16704,6.024651,217.58116,-3460.2751,649.93024,0
2022-01-02 03:00:00,10.042398,0.64509934,250.84187,7.950625,121.015625,-5043.425,918.8375,0
2022-01-02 06:00:00,19.460093,0.7009682,276.59628,7.7656174,166.78662,-3395.3662,415.78653,0
2022-01-02 09:00:00,33.962902,1.0831244,302.70667,8.18913,221.3911,-4295.575,858.0217,1
2022-01-02 12:00:00,14.71408,0.68917555,283.25946,7.59284,229.80055,-4149.6997,1135.6136,0
2022-01-02 15:00:00,16.211353,0.70469004,265.26074,7.6742373,132.04492,-4581.876,652.6356,0
2022-01-02 18:00:00,9.392818,0.66512203,252.27303,7.757608,148.63283,-3770.2734,408.38043,0
2022-01-02 21:00:00,5.0158887,0.56354403,215.9235,6.1006346,201.69937,-4302.0454,964.8571,0
2022-01-03 00:00:00,4.6939573,0.53642535,241.42252,5.319259,171.70815,-4767.6675,648.2963,0
2022-01-03 03:00:00,8.062653,0.5682535,239.9425,6.643864,88.45363,-4517.639,245.45454,0
2022-01-03 06:00:00,14.111744,0.72373474,263.21194,7.536148,167.85844,-3743.8113,496.92548,0
2022-01-03 09:00:00,19.739746,0.8138415,295.49948,7.4454236,206.19066,-4447.3564,688.05084,0
2022-01-03 12:00:00,5.485288,0.5731734,289.19614,6.1722856,210.86272,-4047.183,1159.1857,0
2022-01-03 15:00:00,14.524877,0.64919424,302.32217,6.766327,195.97856,-4514.169,1177.6123,0
2022-01-03 18:00:00,5.893716,0.44177255,222.9089,6.5847054,174.95558,-3909.475,189.64706,0
2022-01-03 21:00:00,7.441812,0.5817151,277.6859,8.162073,213.49043,-3794.991,836.5766,0
2022-01-04 03:00:00,15.591768,0.6851243,246.72156,6.4282193,101.99137,-4885.8022,885.65753,0
2022-01-04 06:00:00,8.669682,0.58646667,252.49545,6.6265306,155.26878,-3647.1206,393.90817,0
2022-01-04 09:00:00,13.433824,0.6674179,307.66437,7.6685386,225.81506,-4509.9097,990.97754,0
2022-01-04 12:00:00,16.533453,0.7528883,248.30684,8.63673,198.22365,-3513.1106,914.11536,0
2022-01-04 15:00:00,9.175366,0.61919105,229.56465,6.90319,157.63226,-4179.2075,502.60123,0
2022-01-04 18:00:00,11.459416,0.6004685,243.21036,6.9785714,138.49953,-3520.3918,234.80952,0
2022-01-04 21:00:00,15.660872,0.68618274,259.69415,8.667796,191.96715,-4362.5483,1106.7119,0
2022-01-05 03:00:00,7.630143,0.6167909,234.26851,6.740909,130.9391,-4844.594,811.1169,0
2022-01-05 06:00:00,11.568638,0.6457368,248.71463,6.9466333,146.4705,-3402.4143,399.1683,0
2022-01-05 09:00:00,13.992068,0.716529,286.60516,9.565476,238.06357,-4585.913,785.6429,0
2022-01-05 12:00:00,19.64994,0.68780124,343.34464,9.270657,174.60376,-3957.818,1324.3442,0
2022-01-05 15:00:00,7.4382033,0.60965437,238.22461,7.327686,197.9759,-4431.672,713.38806,0
2022-01-05 18:00:00,12.84889,0.6337192,263.53354,7.6735353,165.3905,-3741.4312,441.64645,0
2022-01-05 21:00:00,6.001057,0.54223645,259.77542,6.736522,195.39131,-4011.4026,781.2754,0
2022-01-06 03:00:00,10.03668,0.5831269,255.96626,5.9252377,150.88158,-4863.182,659.5397,0
2022-01-06 06:00:00,10.11819,0.67712003,245.29214,7.830422,186.37312,-4115.8384,514.40845,0
2022-01-06 09:00:00,30.58568,0.78333277,298.12952,9.113966,197.6046,-4681.2334,902.4286,0
2022-01-06 12:00:00,5.7175508,0.55307096,249.42448,7.376615,174.0446,-4126.703,993.53845,0
2022-01-06 15:00:00,15.595989,0.6593351,261.68903,8.034956,171.34296,-4752.5293,690.33044,0
2022-01-06 18:00:00,6.113639,0.49293914,226.27962,6.4466662,114.80277,-3353.209,243.83333,0
2022-01-06 21:00:00,9.946752,0.6340721,253.97372,8.56,207.59473,-4439.155,1033.541,0
2022-01-07 00:00:00,7.3892403,0.5653757,257.60397,7.755166,166.76416,-4030.357,926.5,0
2022-01-07 03:00:00,14.6985655,0.6541983,223.91943,7.1890483,180.33809,-4976.185,883.2143,0
2022-01-07 06:00:00,8.8877535,0.6644174,234.19595,8.765898,172.4854,-3031.8315,391.48718,0
2022-01-07 09:00:00,51.206646,1.1020484,303.09213,7.022856,216.25807,-4438.4067,772.9762,1
2022-01-07 12:00:00,7.9742694,0.6402054,271.0178,8.369773,209.32602,-4056.0127,1102.341,0
2022-01-07 15:00:00,22.823189,0.7170088,276.46408,9.3117075,193.78244,-4445.3315,737.53656,0
2022-01-07 18:00:00,20.07627,0.73004454,247.93242,7.507576,160.4499,-3957.648,450.43436,0
2022-01-07 21:00:00,6.849454,0.569049,257.63727,7.168308,201.49832,-4118.9907,910.10767,0
2022-01-08 03:00:00,22.567842,0.6345238,249.05212,5.3767347,154.52367,-4668.1704,327.7143,0
2022-01-08 06:00:00,6.1609087,0.55355775,241.15227,7.698235,185.45544,-3536.3157,324.92648,0
2022-01-08 09:00:00,12.418005,0.7149344,264.1197,9.651453,206.48048,-4660.156,738.5645,0
2022-01-08 12:00:00,5.4210153,0.5083245,261.78802,6.565205,189.46904,-4212.3047,1085.0822,0
2022-01-08 15:00:00,11.824801,0.65685177,250.64966,7.817594,184.29797,-4010.8572,682.782,0
2022-01-08 18:00:00,11.138996,0.5386327,257.64316,5.8142104,140.57054,-4099.731,237.52632,0
2022-01-08 21:00:00,6.4993744,0.54396445,242.14877,6.4396152,158.2775,-3824.2969,934.75,0
2022-01-09 00:00:00,26.100418,1.0562501,303.75513,10.805,309.305,-2931.6494,357.5,1
2022-01-09 03:00:00,25.919453,0.8125719,241.79785,6.6316886,162.49675,-5070.7773,929.96106,0
2022-01-09 06:00:00,9.876033,0.60556144,239.75162,7.715937,174.81999,-3435.6562,374.1146,0
2022-01-09 09:00:00,11.464686,0.70644176,262.2819,7.555493,218.78607,-4202.9663,1152.1409,0
2022-01-09 12:00:00,12.981881,0.6831105,281.87512,7.5722365,230.73407,-4163.926,781.25,0
2022-01-09 15:00:00,16.56574,0.6896399,267.713,8.3413,179.3087,-4628.898,528.6507,0
2022-01-09 18:00:00,12.295185,0.5489527,240.19263,6.5172215,149.34332,-3103.8438,236.16667,0
2022-01-09 21:00:00,12.532707,0.6817194,249.91263,8.124462,161.28091,-4202.8594,1060.5231,0
2022-01-10 00:00:00,15.020791,0.748242,230.15083,7.6995454,199.58794,-4621.704,722.9091,0
2022-01-10 03:00:00,13.284612,0.6678167,240.37076,7.5972414,167.24551,-4513.191,682.65515,0
2022-01-10 06:00:00,19.1641,0.7507247,278.29236,6.8886256,149.74443,-3771.9148,474.48856,0
2022-01-10 09:00:00,8.836333,0.63358945,264.34906,7.6042857,251.36714,-4402.0986,983.7143,0
2022-01-10 12:00:00,13.341431,0.6763307,278.7331,6.9886565,221.47687,-3912.5852,1313.9851,0
2022-01-10 15:00:00,16.659243,0.6681019,292.50983,7.3882666,198.2726,-4472.558,686.7867,0
2022-01-10 18:00:00,11.538919,0.6208048,226.4873,6.728043,133.4563,-3206.9434,226.69565,0
2022-01-10 21:00:00,22.616714,0.8175046,302.29123,8.797368,268.4982,-3992.446,963.7105,0
2022-01-11 03:00:00,30.891674,0.80361956,257.6315,6.450146,134.63486,-4761.697,767.89703,0
2022-01-11 06:00:00,13.3313675,0.6745293,260.83426,7.234132,180.06842,-3805.673,450.4132,0
2022-01-11 09:00:00,17.718136,0.6868001,295.95676,9.085663,235.05191,-4548.0005,917.9759,0
2022-01-11 12:00:00,17.752007,0.77907205,298.57397,8.532657,206.3039,-3802.082,940.7344,0
2022-01-11 15:00:00,15.756315,0.67138237,246.42546,7.413542,183.17258,-4519.6016,599.2847,0
2022-01-11 18:00:00,4.3231964,0.5447785,215.7844,5.728334,109.4989,-3104.6182,226.72223,0
2022-01-12 03:00:00,23.815205,0.8188262,275.5683,7.141061,178.53394,-4790.1157,1046.6212,0
2022-01-12 06:00:00,14.343718,0.72523934,273.43832,8.932753,167.84872,-2858.117,334.46378,0
2022-01-12 09:00:00,23.171375,0.7509252,277.18033,8.233659,187.98488,-4364.3916,795.29266,0
2022-01-12 12:00:00,13.9079,0.699436,267.36426,7.637794,196.0291,-4091.4714,1296.9412,0
2022-01-12 15:00:00,10.611997,0.670874,356.30942,8.7018175,177.18727,-4669.4824,744.63635,0
2022-01-12 18:00:00,30.454355,0.84400797,302.19748,8.649333,172.11334,-4289.7246,852.5333,0
2022-01-13 06:00:00,11.500633,0.7075209,280.69223,7.8892307,141.2803,-3711.674,350.06152,0
2022-01-13 18:00:00,3.029938,0.47297436,220.11043,7.3994737,130.05263,-3961.836,266.1579,0
2022-01-13 21:00:00,8.364318,0.6374289,238.44002,7.3726583,210.29153,-4488.8057,1047.5316,0
2022-01-14 00:00:00,4.5087748,0.46277985,276.6585,6.1973677,123.00685,-4029.2463,1131.579,0
2022-01-14 03:00:00,14.250101,0.6952007,248.56111,8.292999,171.28201,-5043.986,918.825,0
2022-01-14 06:00:00,26.582764,0.7939335,249.52507,10.096667,155.0985,-3398.0125,402.12643,0
2022-01-14 09:00:00,6.3936725,0.62607455,246.41426,5.050652,244.32564,-4294.4243,857.9783,0
2022-01-14 12:00:00,12.161538,0.70082027,266.7141,8.109356,212.99332,-4172.1357,1095.129,0
2022-01-14 15:00:00,16.163868,0.7202983,256.19238,9.209999,164.59398,-4598.0913,640.7748,0
2022-01-14 18:00:00,19.945934,0.6593184,255.95938,6.792967,160.2012,-3759.1704,409.75824,0
2022-01-14 21:00:00,9.366328,0.7515907,243.76419,7.44125,222.5303,-4169.3823,931.8125,0
2022-01-15 00:00:00,38.403946,1.0790001,299.55536,11.349999,263.49,-3873.521,393.0,1
2022-01-15 03:00:00,11.996875,0.6664558,257.52414,9.143999,119.87222,-4529.947,245.57777,0
2022-01-15 06:00:00,22.856813,0.8187696,306.3412,7.73648,160.72427,-3730.7659,494.64816,0
2022-01-15 09:00:00,30.125454,0.8114172,287.38153,10.5760355,197.34981,-4480.7134,673.63794,0
2022-01-15 12:00:00,6.857788,0.6040293,244.42496,6.6952,207.91199,-4113.1514,1162.6666,0
2022-01-15 15:00:00,20.97703,0.8210589,285.48358,9.751,189.38113,-4297.817,687.85333,0
2022-01-15 18:00:00,4.412226,0.4664525,215.8007,6.0421214,141.6909,-3907.874,185.51515,0
2022-01-15 21:00:00,15.141249,0.74566776,298.909,9.100476,173.50691,-4281.6274,976.4762,0
2022-01-16 03:00:00,21.570059,0.8267307,250.91006,8.333195,146.73958,-4908.9277,897.625,0
2022-01-16 06:00:00,19.81635,0.7239674,264.62268,8.635755,174.93132,-3667.8184,433.4151,0
2022-01-16 09:00:00,26.664673,0.7758953,278.1157,8.166145,216.7201,-4533.502,954.34375,0
2022-01-16 12:00:00,28.600405,0.92432135,288.26035,8.314426,253.91017,-3526.6233,891.73773,0
2022-01-16 15:00:00,13.833361,0.70573324,260.54395,8.195357,164.77702,-4215.9463,503.65475,0
2022-01-16 18:00:00,6.573139,0.5595256,206.74338,6.986,98.459,-3472.9946,227.1,0
2022-01-16 21:00:00,23.749783,0.7891195,249.08488,6.5631247,234.9414,-4281.131,1084.5938,0
2022-01-17 03:00:00,7.4392977,0.6335373,214.42595,7.6596293,65.94334,-4809.6353,439.0,0
2022-01-17 09:00:00,8.101046,0.6328185,247.57414,6.268293,193.4778,-4599.8296,799.36584,0
2022-01-17 15:00:00,17.96364,0.8145627,285.4567,9.753461,256.3006,-4222.1733,1262.3077,0
2022-01-17 18:00:00,14.906283,0.72328013,259.9764,6.9839287,166.77142,-3762.5889,479.2381,0
2022-01-17 21:00:00,21.95729,0.7066802,242.31087,7.597639,211.06375,-4025.8706,775.4583,0
2022-01-18 03:00:00,10.387721,0.6872443,236.76889,8.18323,122.41231,-4859.926,641.66156,0
2022-01-18 06:00:00,12.001043,0.7282791,247.2297,7.767124,182.56917,-4085.879,529.83563,0
2022-01-18 21:00:00,17.674385,0.7538768,239.01999,7.023333,235.12299,-4449.36,1071.2456,0
2022-01-19 00:00:00,16.068419,0.63133407,252.08736,5.642564,191.93718,-4207.117,1053.2051,0
2022-01-19 06:00:00,10.225425,0.58526313,208.71518,5.676521,121.89086,-3486.9294,264.13043,0
2022-01-19 09:00:00,15.737393,0.69600946,291.9431,9.948139,165.75697,-4451.7363,780.7442,0
2022-01-19 12:00:00,23.03072,0.75380874,270.54984,7.4466667,213.93652,-4007.6838,1097.0358,0
2022-01-19 15:00:00,11.667222,0.67445534,255.68047,7.745534,188.3675,-4528.1597,515.3204,0
2022-01-19 18:00:00,13.105575,0.62386954,271.00525,7.635876,158.23175,-3975.1067,452.64948,0
2022-01-19 21:00:00,21.949482,0.77845216,256.9393,6.7732835,188.61671,-4155.2593,885.50745,0
2022-01-20 03:00:00,12.729863,0.6615879,252.32288,10.005961,64.50673,-4683.454,319.84616,0
2022-01-20 06:00:00,21.03953,0.7905042,279.52856,9.734001,170.23515,-3509.3528,329.45715,0
2022-01-20 09:00:00,17.880453,0.7234869,305.23666,7.750793,209.82712,-4676.68,735.1111,0
2022-01-20 12:00:00,3.3644695,0.48281255,267.72076,7.335,231.88374,-3959.938,720.625,0
2022-01-20 15:00:00,13.90517,0.68955976,263.15622,8.462695,188.04985,-4014.8618,662.87946,0
2022-01-20 18:00:00,5.5823936,0.51781034,194.68843,6.888096,114.57,-4122.574,245.14285,0
2022-01-20 21:00:00,17.723759,0.6696686,274.8608,6.02292,189.63087,-4131.3843,900.77875,0
2022-01-21 00:00:00,30.42204,1.2010001,237.7336,8.07,277.54498,-2934.081,357.5,1
2022-01-21 03:00:00,15.083859,0.73062134,261.0599,9.092078,164.63052,-5069.635,929.94806,0
2022-01-21 06:00:00,13.356248,0.65969557,235.1846,7.356274,173.4591,-3431.1975,396.5392,0
2022-01-21 09:00:00,21.482845,0.90777147,320.58215,8.953571,199.15964,-4476.0913,923.3929,0
2022-01-21 12:00:00,35.807686,0.92646325,352.11517,7.8933964,245.55359,-3581.4844,864.5472,1
2022-01-21 15:00:00,15.098914,0.7321182,276.1829,8.952906,170.004,-4697.935,536.5068,0
2022-01-21 18:00:00,12.339767,0.60827875,226.00107,7.367567,136.91487,-3014.582,224.83784,0
2022-01-21 21:00:00,15.634653,0.6992343,268.25204,7.3059793,177.55038,-4265.2275,973.4314,0
2022-01-22 00:00:00,88.302666,1.8307501,351.97427,11.746,256.28598,-3586.7375,519.4,1
2022-01-22 03:00:00,11.145368,0.6067418,255.13705,8.001943,64.500275,-4697.1377,274.58334,0
2022-01-22 06:00:00,26.407345,0.7649961,240.67001,8.095447,163.6735,-3392.6992,422.39285,0
2022-01-22 09:00:00,6.381972,0.58474195,267.2341,7.876551,290.81964,-4406.1997,969.931,0
2022-01-22 12:00:00,17.686577,0.7185414,273.4118,6.663055,193.57985,-3935.8918,1270.1805,0
2022-01-22 15:00:00,38.11506,0.9771034,312.95734,11.096394,234.11064,-4416.7437,1189.7705,1
2022-01-22 18:00:00,11.515236,0.63556594,254.48898,6.88,174.41292,-3717.5308,502.93332,0
2022-01-22 21:00:00,18.174976,0.7046951,325.40714,7.994643,209.1717,-3883.3867,822.0179,0
2022-01-23 03:00:00,26.273083,0.79700947,279.56482,8.685735,168.95927,-4760.81,769.92645,0
2022-01-23 06:00:00,26.097744,0.72796065,254.28789,7.323308,154.15732,-3663.3645,439.93076,0
2022-01-23 09:00:00,13.567917,0.65441394,291.25137,6.731136,205.55829,-4616.6294,903.2841,0
2022-01-23 12:00:00,31.28933,0.8369001,287.2788,8.079698,194.98181,-3817.1443,930.2273,0
2022-01-23 15:00:00,28.896835,0.8205692,282.39154,9.35813,174.93112,-4817.0527,644.6423,0
2022-01-23 18:00:00,15.886254,0.6078681,264.54184,7.0999994,71.21779,-3099.846,226.66667,0
2022-01-24 03:00:00,42.726807,0.9573426,261.04202,8.053917,159.31865,-4822.4746,821.6598,1
2022-01-24 06:00:00,16.509317,0.70744675,246.60535,7.1888566,189.45811,-3042.9438,341.9,0
2022-01-24 09:00:00,12.897832,0.7340124,275.88446,8.269048,206.25691,-4374.2803,784.6905,0
2022-01-24 12:00:00,9.606222,0.60283333,260.5105,11.376666,113.15,-4225.781,478.33334,0
2022-01-24 15:00:00,25.91844,0.8168666,274.46005,9.116348,196.05542,-4438.1177,758.1746,0
2022-01-24 18:00:00,11.711466,0.64860284,251.15186,6.1340384,190.10075,-3644.3538,289.96155,0
2022-01-25 03:00:00,35.45826,0.8379847,297.49536,7.8333898,147.84796,-4926.6436,468.0678,0
2022-01-25 06:00:00,14.219624,0.7068821,254.4844,7.537811,182.77563,-4066.0146,450.51096,0
2022-01-25 09:00:00,17.269278,0.7185316,275.96115,8.957539,206.56146,-4767.162,828.1475,0
2022-01-25 12:00:00,30.76385,0.8032049,278.3616,8.3855,213.0415,-4213.9165,963.55,0
2022-01-25 15:00:00,19.376389,0.78666985,261.6023,7.5466886,185.63751,-4101.908,609.1337,0
2022-01-25 18:00:00,12.75458,0.68845093,260.7205,8.1504,177.0214,-4466.866,714.02,0
2022-01-25 21:00:00,29.071947,0.82857066,280.8333,9.15,212.98772,-4487.273,1039.683,0
2022-01-26 00:00:00,51.427685,0.92199755,331.6839,7.971064,189.6902,-3507.82,680.8723,0
2022-01-26 03:00:00,23.526272,0.80961925,283.09497,7.40375,135.5385,-5041.0913,918.8125,0
2022-01-26 06:00:00,8.9504595,0.61960596,225.54436,5.6383333,167.87222,-3437.46,421.36667,0
2022-01-26 09:00:00,21.584173,0.81388485,299.92365,9.428697,232.71217,-4279.525,856.3913,0
2022-01-26 12:00:00,41.02896,0.9771733,320.02484,8.456413,220.94662,-4168.0493,1102.9783,1
2022-01-26 15:00:00,14.819975,0.706005,266.78635,7.405573,153.32925,-4618.012,660.54095,0
2022-01-26 18:00:00,7.918214,0.59301305,219.61365,6.238597,146.48212,-3577.4194,280.42105,0
2022-01-27 06:00:00,7.922216,0.6232387,236.36246,7.0902777,146.72342,-3408.358,318.73148,0
2022-01-27 09:00:00,25.969019,0.77185595,274.54645,9.184168,232.42267,-4485.32,679.8333,0
2022-01-27 12:00:00,36.341568,0.87172794,261.1623,8.68859,211.95653,-4050.5396,1145.1794,0
2022-01-27 15:00:00,14.657426,0.7193024,259.72528,7.9383445,202.05379,-4332.8423,702.5103,0
2022-01-27 21:00:00,40.255272,1.0274526,251.4126,10.022142,229.21764,-4282.1743,976.5,1
2022-01-28 03:00:00,18.041603,0.7333906,250.74112,9.061917,168.34286,-4885.4204,885.726,0
2022-01-28 06:00:00,3.0395126,0.5833114,186.89229,7.464545,54.124546,-3197.4963,247.27272,0
2022-01-28 09:00:00,32.084324,0.84804976,272.3091,7.629121,223.4055,-4493.423,987.7692,0
2022-01-28 12:00:00,10.555225,0.7282103,250.40268,8.050169,190.14679,-3526.721,899.8305,0
2022-01-28 15:00:00,14.099355,0.6614139,250.55025,8.305209,153.11707,-4226.2397,504.76047,0
2022-01-28 18:00:00,10.9243355,0.5923381,212.3934,7.3965006,135.2745,-3585.8257,238.45,0
2022-01-28 21:00:00,22.30488,0.8017418,237.63362,7.528,201.31065,-4253.798,1139.3833,0
2022-01-29 03:00:00,17.313704,0.7236593,241.41934,8.22875,143.85925,-4821.6333,834.0625,0
2022-01-29 06:00:00,5.1620064,0.5793506,206.84897,7.515814,72.89001,-4492.8115,310.60464,0
2022-01-29 09:00:00,26.905184,0.81118137,370.36478,8.674634,209.03442,-4579.567,796.9756,0
2022-01-29 12:00:00,25.734043,0.69672227,250.29744,6.505151,177.07349,-3981.4502,1328.5454,0
2022-01-29 15:00:00,18.51763,0.736504,260.81018,8.879571,179.25235,-4441.9287,701.42145,0
2022-01-29 18:00:00,16.018684,0.695964,258.16782,8.43021,162.81674,-3700.718,442.0842,0
2022-01-29 21:00:00,12.444619,0.6886627,233.76733,7.7799997,219.9167,-4030.3281,777.25714,0
2022-01-30 00:00:00,96.3853,1.6476353,437.76086,15.713684,253.32527,-4728.03,684.9474,1
2022-01-30 03:00:00,18.051786,0.733658,229.54846,6.851538,117.64877,-4858.911,641.6462,0
2022-01-30 06:00:00,13.606621,0.66351557,251.82637,8.216438,140.83179,-4123.796,515.6301,0
2022-01-30 09:00:00,14.276633,0.7217991,244.35587,9.294531,192.43828,-4694.2812,895.78125,0
2022-01-30 12:00:00,6.83808,0.58176523,265.58023,7.9017386,225.59145,-4151.3267,955.86957,0
2022-01-30 15:00:00,21.115627,0.73858094,233.21529,8.991092,152.96822,-4748.744,688.1177,0
2022-01-30 18:00:00,11.0983095,0.5985995,213.9969,9.049999,76.10313,-3522.8242,260.6875,0
2022-01-30 21:00:00,11.50179,0.6703913,261.0126,8.178852,220.91063,-4450.987,1031.5737,0
2022-01-31 00:00:00,29.663473,0.837478,247.69165,8.447166,227.52765,-4031.6096,926.51666,0
2022-01-31 03:00:00,36.54836,0.8192345,244.98332,8.220575,133.57152,-4969.146,858.13794,0
2022-01-31 06:00:00,12.50393,0.6825136,269.95825,8.175455,162.33405,-3134.3901,412.33768,0
2022-01-31 09:00:00,11.7532,0.68650395,251.59766,8.925365,193.58,-4463.079,800.3415,0
2022-01-31 12:00:00,20.362959,0.7231482,257.22223,8.431494,216.45746,-4053.023,1097.816,0
2022-01-31 15:00:00,30.87117,0.8369571,276.46774,9.559843,181.94281,-4456.9663,755.9297,0
2022-01-31 18:00:00,12.131543,0.6520749,232.29997,7.6789474,78.27439,-3587.681,328.1579,0
2022-02-01 03:00:00,11.494047,0.6176234,234.74687,8.132691,86.28808,-4683.4434,319.84616,0
2022-02-01 06:00:00,15.945,0.7391138,269.81168,7.702025,147.49246,-3954.9265,450.5633,0
2022-02-01 09:00:00,7.5057435,0.60677683,260.34793,7.6446767,213.03146,-4678.591,734.0323,0
2022-02-01 12:00:00,18.55489,0.6721405,257.91534,7.4636,220.19547,-4100.974,1056.1466,0
2022-02-01 15:00:00,16.966305,0.68861556,278.75378,7.8446817,157.30446,-3998.1118,663.2837,0
2022-02-01 18:00:00,4.1937246,0.5082294,219.57605,6.7816133,123.339676,-3829.509,257.67743,0
2022-02-01 21:00:00,18.399315,0.7076874,256.26688,7.547928,221.56424,-4145.682,886.9009,0
2022-02-02 00:00:00,33.88855,1.3330002,225.55154,12.71,268.95502,-2934.081,357.5,1
2022-02-02 03:00:00,23.759535,0.75014347,275.47995,8.930648,125.98105,-5070.3403,929.987,0
2022-02-02 06:00:00,8.946257,0.6351749,253.16292,7.6745715,189.43047,-3434.356,403.00952,0
2022-02-02 09:00:00,7.755685,0.6982281,234.07535,8.058667,235.98201,-4447.5015,946.56665,0
2022-02-02 12:00:00,26.70934,0.9359738,316.96396,9.275892,239.71965,-3596.4983,875.4107,1
2022-02-02 15:00:00,10.66785,0.64221966,259.58038,8.551476,142.26967,-4680.687,531.07385,0
2022-02-02 18:00:00,9.051187,0.6987769,256.30872,9.0225,156.57625,-2442.7266,267.33334,0
2022-02-02 21:00:00,18.5332,0.81656283,285.12537,6.1974187,199.5395,-4129.3525,1046.9193,0
2022-02-03 03:00:00,13.228532,0.69167185,301.24927,8.776101,134.99898,-4523.9966,701.9322,0
2022-02-03 06:00:00,12.738359,0.680881,261.56183,7.408235,155.78,-3760.8652,469.55884,0
2022-02-03 09:00:00,20.022076,0.79541856,335.15363,8.094375,214.005,-4419.418,952.71875,0
2022-02-03 12:00:00,19.217186,0.7555189,277.3792,7.8247223,247.91238,-3938.514,1265.9861,0
2022-02-03 15:00:00,19.030516,0.7034017,258.34705,8.278519,151.87001,-4485.3154,410.0926,0
2022-02-03 18:00:00,5.137028,0.55149037,214.10141,6.4433327,179.63936,-3206.006,222.125,0
2022-02-03 21:00:00,18.924389,0.81635964,251.03043,7.553333,210.34702,-3879.1836,826.6847,0
2022-02-04 03:00:00,13.682462,0.6692328,250.83293,8.330724,110.93884,-4766.9043,785.3043,0
2022-02-04 06:00:00,10.225426,0.6299927,235.34048,7.853359,153.16313,-3723.8335,436.8125,0
2022-02-04 09:00:00,13.973659,0.65235174,238.58171,6.187176,206.57481,-4582.9507,894.5765,0
2022-02-04 12:00:00,16.640747,0.85540116,272.4306,9.579076,188.12523,-3805.4175,948.4308,0
2022-02-04 15:00:00,20.199734,0.7331971,256.3712,8.512431,159.87682,-4518.9526,599.3472,0
2022-02-04 18:00:00,3.803778,0.5186331,199.94563,6.5092587,95.298515,-3576.2505,206.51852,0
2022-02-04 21:00:00,13.207792,0.70873845,275.2137,7.999118,159.04588,-4407.622,924.58826,0
2022-02-05 00:00:00,18.489544,0.8114277,270.79355,10.631965,239.02571,-4257.269,924.6071,0
2022-02-05 03:00:00,9.881866,0.6196904,266.10138,8.075052,138.45114,-4822.522,821.6185,0
2022-02-05 06:00:00,14.206673,0.77441806,255.91238,7.8492985,172.17192,-2878.7537,366.01755,0
2022-02-05 09:00:00,12.148962,0.65573543,274.49225,10.808095,151.7669,-4376.732,784.6667,0
2022-02-05 12:00:00,20.79635,0.81477773,262.53534,9.673858,203.15698,-4128.815,1304.3715,0
2022-02-05 15:00:00,24.915722,0.7727051,277.97476,9.232835,166.10542,-4468.6074,751.5906,0
2022-02-05 18:00:00,5.2008624,0.5208193,234.43022,7.8345003,107.06575,-4308.4385,246.25,0
2022-02-05 21:00:00,11.933918,0.72826433,279.9855,8.524194,213.3413,-4052.4011,972.9355,0
2022-02-06 03:00:00,7.7456436,0.58152974,253.51791,7.132373,107.528984,-4926.67,468.10168,0
2022-02-06 06:00:00,13.934177,0.7386113,269.9968,9.615797,153.4376,-4056.402,450.05798,0
2022-02-06 09:00:00,16.158167,0.7511339,287.775,10.512742,190.94191,-4763.3667,827.0806,0
2022-02-06 12:00:00,8.954245,0.62532824,246.06856,7.838272,230.79521,-4177.6123,956.7531,0
2022-02-06 15:00:00,14.517288,0.70151716,269.96646,8.99898,172.24849,-4095.764,601.8663,0
2022-02-06 18:00:00,10.500264,0.66451776,283.47247,10.815555,137.76846,-4396.2554,801.2,0
2022-02-06 21:00:00,10.804283,0.69177496,231.19693,7.9869127,227.42174,-4478.419,1034.321,0
2022-02-07 00:00:00,46.353638,0.89426404,275.24643,9.426596,179.48318,-3507.077,680.8723,0
2022-02-07 03:00:00,12.7487755,0.64792794,243.51762,7.781999,130.78775,-5043.125,918.825,0
2022-02-07 06:00:00,18.560211,0.7013928,246.8586,8.17,136.25954,-3421.2207,407.25,0
2022-02-07 09:00:00,37.142395,0.94072884,359.84674,13.445883,201.62529,-4392.875,889.17645,1
2022-02-07 12:00:00,79.39153,1.2497121,383.63882,10.538824,242.25325,-3663.3184,929.8823,1
2022-02-07 15:00:00,21.036919,0.7171752,242.75728,8.260252,147.5542,-4597.905,649.87396,0
2022-02-07 18:00:00,8.073145,0.6340313,212.17459,7.36537,161.05482,-3589.5823,297.83334,0
2022-02-07 21:00:00,30.662514,0.84424627,239.99834,8.84857,195.1908,-4255.1904,981.63495,0
2022-02-08 00:00:00,15.276432,0.7865197,304.99646,10.569999,248.69435,-4809.393,636.86664,0
2022-02-08 03:00:00,8.35813,0.6303352,219.24394,6.877777,88.48178,-4529.8027,245.55556,0
2022-02-08 06:00:00,25.314543,0.76328385,257.37885,8.654779,163.57924,-3795.996,504.4591,0
2022-02-08 09:00:00,12.345969,0.7490394,256.13684,7.417,240.18932,-4486.212,679.85,0
2022-02-08 12:00:00,35.074444,0.77901345,262.39105,8.050128,205.55026,-4049.9905,1141.141,0
2022-02-08 15:00:00,26.292366,0.7761227,258.63947,8.504867,188.44139,-4285.78,687.63336,0
2022-02-08 18:00:00,5.715985,0.5046139,226.83145,8.655,164.4744,-3910.1223,189.64706,0
2022-02-08 21:00:00,29.88436,0.8958271,255.65991,8.560454,223.27388,-4246.2925,943.0227,0
2022-02-09 03:00:00,41.979824,0.7933494,241.78635,8.05875,147.09431,-4876.109,886.80554,0
2022-02-09 06:00:00,13.954787,0.6931684,248.18619,9.229253,152.4159,-3664.7593,430.61682,0
2022-02-09 09:00:00,28.488523,0.8077987,285.38672,8.095833,236.05583,-4530.395,951.38544,0
2022-02-09 12:00:00,21.66899,0.8599397,271.04935,9.210328,206.15408,-3523.3657,886.16394,0
2022-02-09 15:00:00,13.040453,0.6553304,254.8584,8.196428,137.43404,-4188.649,501.5893,0
2022-02-09 18:00:00,8.004332,0.6038838,224.64653,7.3365006,69.652,-3577.2031,240.6,0
2022-02-09 21:00:00,23.884068,0.8086008,265.16367,7.445156,218.95688,-4280.965,1084.5781,0
2022-02-10 03:00:00,15.109388,0.7297541,237.27852,7.464125,143.457,-4822.818,834.0625,0
2022-02-10 06:00:00,7.3579035,0.6171208,234.80057,7.527207,135.71323,-3458.5583,417.6126,0
2022-02-10 09:00:00,31.904915,0.9435619,329.25592,8.33325,183.7295,-4589.755,818.55,1
2022-02-10 15:00:00,7.2071824,0.55824906,230.96994,6.0816164,132.32939,-4507.438,427.63635,0
2022-02-10 18:00:00,14.051611,0.63896525,270.48627,8.720112,170.15485,-3662.2747,409.52808,0
2022-02-11 03:00:00,19.717844,0.7367395,233.74878,6.0612307,126.02861,-4859.9795,641.67694,0
2022-02-11 06:00:00,5.846329,0.5635011,233.65828,7.7853327,161.45105,-4120.2515,524.30664,0
2022-02-11 09:00:00,23.145138,0.7123233,290.37625,8.480159,217.81238,-4698.873,890.6508,0
2022-02-11 12:00:00,18.530128,0.72951317,291.73645,7.566133,211.90027,-4124.0215,938.8,0
2022-02-11 15:00:00,16.395153,0.65544194,253.66443,6.5858407,168.58957,-4703.0977,642.99115,0
2022-02-11 18:00:00,10.099893,0.6450144,257.2171,9.0546,131.8792,-4165.2153,554.5,0
2022-02-11 21:00:00,25.273874,0.82483274,262.8912,7.4552455,158.09412,-4449.112,1050.7542,0
2022-02-12 00:00:00,12.2904005,0.66977423,250.28152,7.916136,190.94362,-4287.2427,1095.2727,0
2022-02-12 03:00:00,8.111169,0.6597851,217.30013,6.8459296,151.3036,-4969.354,854.47675,0
2022-02-12 06:00:00,12.290406,0.6196681,258.2541,7.878809,207.13216,-3160.3481,419.9643,0
2022-02-12 09:00:00,40.013657,0.8500495,281.18558,12.332092,168.36534,-4452.013,780.81396,0
2022-02-12 12:00:00,18.948309,0.7750007,274.47144,8.684091,224.81068,-4051.988,1078.1477,0
2022-02-12 15:00:00,10.596675,0.5905216,254.89456,6.885234,209.27008,-4409.825,736.3828,0
2022-02-12 18:00:00,33.72039,0.75122964,276.05698,8.488125,168.03104,-3942.3289,455.1875,0
2022-02-12 21:00:00,19.044891,0.8164989,299.3977,8.530736,211.24893,-4123.5137,913.8316,0
2022-02-13 00:00:00,45.819237,1.121411,431.4838,9.733636,228.475,-4833.1753,630.5909,1
2022-02-13 03:00:00,10.860872,0.5764338,246.57585,6.059423,82.85711,-4683.6836,319.82693,0
2022-02-13 06:00:00,2.1069446,0.5643478,205.36066,8.455455,65.51,-4447.17,188.63637,0
2022-02-13 09:00:00,26.77263,0.86919534,323.61304,9.664443,202.00572,-4676.5503,735.1429,0
2022-02-13 12:00:00,10.97243,0.67561805,286.69135,8.986843,225.73001,-4166.66,1044.9474,0
2022-02-13 15:00:00,8.4509325,0.59370893,258.52533,7.5860286,179.25014,-4015.9097,666.6667,0
2022-02-13 18:00:00,3.9828033,0.4133517,221.975,5.939,107.35266,-3813.1025,251.93333,0
2022-02-13 21:00:00,17.860699,0.7472264,319.47052,9.459035,193.11218,-4140.497,896.7895,0
2022-02-14 00:00:00,74.81103,2.1443336,339.886,14.76,287.705,-2934.081,357.5,1
2022-02-14 03:00:00,9.306202,0.6237227,267.31097,8.088378,152.67148,-5077.9346,960.37836,0
2022-02-14 06:00:00,8.903078,0.6045698,241.23471,7.2005877,143.75294,-3422.119,388.44116,0
2022-02-14 09:00:00,25.887978,0.94114095,344.42343,9.546438,237.91562,-4212.3145,1154.7671,1
2022-02-14 12:00:00,29.913084,0.8887104,290.85687,9.54358,232.371,-4155.6387,770.7284,0
2022-02-14 15:00:00,12.127213,0.6322906,258.5592,6.9296002,155.69774,-4622.2437,529.76666,0
2022-02-14 18:00:00,11.683673,0.55045056,234.33627,6.8294597,152.42812,-3015.537,224.89189,0
2022-02-14 21:00:00,35.60695,0.9286153,317.75195,10.010978,205.24489,-4383.7188,1019.163,1
2022-02-15 00:00:00,12.239319,0.7528557,255.76144,7.064,221.84888,-4620.3564,726.0,0
2022-02-15 03:00:00,10.253442,0.67389905,219.74478,6.8066664,141.25816,-4521.016,706.3,0
2022-02-15 06:00:00,34.88162,0.78240895,276.69772,7.821009,170.80174,-3386.6328,486.33026,0
2022-02-15 09:00:00,21.33239,0.8319853,323.0005,10.758,296.98062,-4382.0244,998.36664,0
2022-02-15 12:00:00,33.14652,0.8547246,281.4957,9.252253,203.02692,-3955.9475,1260.5916,0
2022-02-15 15:00:00,22.059212,0.74040395,282.43646,7.300199,205.631,-4462.5356,693.01324,0
2022-02-15 18:00:00,67.5895,1.1187904,350.16797,9.515312,264.8478,-4519.785,934.40625,1
2022-02-15 21:00:00,43.58018,0.97824955,299.21732,8.857544,218.07579,-3894.8103,822.0351,1
2022-02-16 03:00:00,19.84514,0.72032744,261.98816,7.76826,107.29957,-4766.1724,785.34784,0
2022-02-16 06:00:00,24.21091,0.7433567,265.69626,7.627777,161.07445,-3951.684,519.23334,0
2022-02-16 09:00:00,37.863487,0.8926756,321.13943,9.242717,190.34303,-4607.906,898.9457,0
2022-02-16 12:00:00,14.831214,0.71584433,279.03687,8.298421,248.6368,-3558.1077,1050.9474,0
2022-02-16 15:00:00,20.793818,0.7212759,255.81888,8.316408,161.57135,-4525.154,603.3099,0
2022-02-16 18:00:00,16.779438,0.5593952,231.003,6.5065517,89.946205,-3377.6187,211.51724,0
2022-02-16 21:00:00,75.29158,1.3774966,342.79523,12.14107,240.43643,-4473.212,1032.8214,1
2022-02-17 03:00:00,27.090715,0.71464986,267.01172,8.341979,148.97969,-4833.949,829.94794,0
2022-02-17 06:00:00,16.11134,0.6974031,268.3051,6.7374287,137.27101,-2994.3696,329.2143,0
2022-02-17 09:00:00,58.19395,1.1645877,243.28818,10.175854,191.1905,-4364.23,798.95123,1
2022-02-17 12:00:00,36.49051,0.9853746,276.32693,9.256762,201.6759,-4131.3296,1292.7324,1
2022-02-17 15:00:00,19.664557,0.7136863,279.25623,8.771953,203.5599,-4441.542,752.7969,0
2022-02-17 18:00:00,29.550104,0.76923007,241.35551,8.6525,133.00323,-3807.4534,452.33334,0
2022-02-17 21:00:00,25.885204,0.8577069,300.05524,8.80782,176.83167,-4253.51,913.2692,0
2022-02-18 00:00:00,20.632517,0.85818416,365.7613,9.822352,319.7971,-4915.334,737.2941,0
2022-02-18 03:00:00,20.972198,0.6048888,286.76706,6.209321,93.03576,-4927.5947,468.22034,0
2022-02-18 06:00:00,20.047848,0.75448865,290.62698,8.082825,173.17024,-4133.7725,463.30533,0
2022-02-18 09:00:00,23.257168,0.7796627,270.2908,6.648065,174.76938,-4764.1616,827.0645,0
2022-02-18 12:00:00,22.220127,0.8326801,288.87247,9.483493,218.80928,-4189.088,949.66266,0
2022-02-18 15:00:00,22.792658,0.7535258,285.7519,7.8952823,166.67542,-4060.831,606.0063,0
2022-02-18 18:00:00,7.5898237,0.60223687,228.33127,7.819999,60.91211,-4046.8652,256.3158,0
2022-02-18 21:00:00,20.213158,0.7664066,276.69482,6.29375,193.07913,-4473.7515,1035.0875,0
2022-02-19 00:00:00,28.599682,1.029922,283.86148,10.075532,220.68745,-3505.3584,680.9149,1
2022-02-19 03:00:00,17.131271,0.6732198,273.94165,6.921538,102.315506,-5043.655,904.02563,0
2022-02-19 06:00:00,20.619305,0.77492654,313.59448,8.911344,195.55254,-3275.5989,489.8955,0
2022-02-19 09:00:00,31.106695,0.99105275,314.6023,9.935957,240.43958,-4279.116,867.1702,1
2022-02-19 12:00:00,15.978823,0.7181977,274.52896,7.944835,180.66824,-4154.9546,1080.7032,0
2022-02-19 15:00:00,26.08214,0.8286182,305.6225,8.51176,168.56688,-4573.704,659.416,0
2022-02-19 18:00:00,30.36701,0.82333744,247.54045,6.8137774,153.465,-3745.7178,413.34445,0
2022-02-19 21:00:00,32.613735,0.9062482,300.2016,9.224948,219.58908,-4211.485,969.8866,0
2022-02-20 00:00:00,21.959972,0.91606647,296.51096,8.593927,256.8675,-4797.8525,643.6071,0
2022-02-20 03:00:00,18.127483,0.67175204,252.1738,7.588,79.04222,-4525.056,245.62222,0
2022-02-20 06:00:00,25.773596,0.8230462,272.5113,7.682403,153.49611,-3844.8118,513.5974,0
2022-02-20 09:00:00,17.363407,0.7080962,269.67316,6.379123,199.56157,-4470.2983,683.8947,0
2022-02-20 12:00:00,21.512005,0.7806171,253.86089,8.361234,208.69777,-4059.9563,1129.5432,0
2022-02-20 15:00:00,25.537737,0.80142546,309.5154,7.8543916,194.58743,-4294.558,685.0135,0
2022-02-20 18:00:00,8.586244,0.5992318,242.16013,6.840999,108.652336,-3975.6936,194.76666,0
2022-02-20 21:00:00,18.27314,0.75491405,257.67108,7.6913557,209.67824,-3845.173,833.0,0
2022-02-21 03:00:00,14.505811,0.64155906,283.50385,7.082465,125.95767,-4886.353,885.6712,0
2022-02-21 06:00:00,26.079107,0.81303865,271.18088,7.6319437,124.51445,-3667.6482,436.03705,0
2022-02-21 09:00:00,19.192595,0.78110075,260.77982,7.4320436,218.0357,-4515.027,972.1505,0
2022-02-21 12:00:00,25.430859,0.8662869,291.40936,10.657096,201.67711,-3536.699,891.4194,0
2022-02-21 15:00:00,20.99207,0.7231705,276.14032,7.567268,142.30455,-4161.8403,495.83722,0
2022-02-21 18:00:00,30.21691,0.81918573,277.00275,10.294615,95.34999,-3786.702,229.84616,0
2022-02-21 21:00:00,16.51825,0.79600155,240.95178,8.558657,197.74329,-4325.6343,1019.43286,0
2022-02-22 15:00:00,31.52423,0.84974307,292.59088,9.948819,178.18217,-4408.5283,720.0139,0
2022-02-22 18:00:00,24.922266,0.83253396,286.95465,8.108837,225.91928,-4224.5674,713.44183,0
2022-02-22 21:00:00,9.600438,0.62464124,328.56763,7.6530976,207.88774,-4019.3416,765.08453,0
2022-02-23 03:00:00,14.565404,0.6872196,266.15536,8.248154,113.25554,-4858.287,641.7077,0
2022-02-23 06:00:00,16.81756,0.73884153,259.84796,8.446892,161.18947,-4187.98,544.41895,0
2022-02-23 09:00:00,13.626833,0.7490116,257.74554,8.706249,206.7814,-4691.0977,895.8125,0
2022-02-23 12:00:00,15.9304905,0.7665528,283.86816,8.232297,201.81879,-4097.48,952.4459,0
2022-02-23 15:00:00,23.980165,0.78375983,280.69684,8.168644,155.60042,-4701.9814,685.322,0
2022-02-23 18:00:00,6.5654597,0.5345737,228.49203,7.3911114,76.64779,-3350.7156,243.83333,0
2022-02-24 03:00:00,13.21907,0.7411836,257.4753,6.98225,107.31899,-4968.1577,837.425,0
2022-02-24 06:00:00,23.963013,0.83205,273.52762,7.9379992,176.02048,-3124.3845,415.29413,0
2022-02-24 09:00:00,25.082376,0.8730544,316.37982,7.705953,193.82642,-4441.6553,782.5238,0
2022-02-24 12:00:00,18.143097,0.7024329,296.73355,9.556251,223.45659,-4055.9053,1102.3296,0
2022-02-24 15:00:00,30.873777,0.8730901,292.8154,9.613358,171.85979,-4338.949,722.31384,0
2022-02-24 18:00:00,23.648764,0.7656192,257.18195,7.7004447,152.51,-3934.1338,467.35556,0
2022-02-24 21:00:00,17.636564,0.7188243,244.05937,9.306867,203.0803,-4146.058,903.71643,0
2022-02-25 03:00:00,15.076868,0.7077366,248.871,7.433269,92.80539,-4683.8867,319.84616,0
2022-02-25 06:00:00,24.554197,0.8032392,261.0512,8.132578,177.861,-3926.985,449.96225,0
2022-02-25 12:00:00,33.045853,0.84682167,292.95782,10.15075,220.33989,-4147.5283,1033.375,0
2022-02-25 15:00:00,25.43276,0.83031625,269.94254,7.8732395,193.57007,-4021.2288,662.9014,0
2022-02-25 18:00:00,47.851418,0.7433195,252.4598,6.9509525,91.63237,-4125.568,245.33333,0
2022-02-25 21:00:00,11.851649,0.6306238,252.37968,9.029,182.04262,-3810.6846,951.58,0
2022-02-26 00:00:00,163.63602,2.0180004,296.34647,11.674999,260.38,-2934.081,357.5,1
2022-02-26 03:00:00,43.903572,0.8187928,280.28937,8.948832,151.74118,-5067.8955,929.974,0
2022-02-26 06:00:00,24.928139,0.758271,274.2685,8.366019,182.41205,-3469.6716,409.6602,0
2022-02-26 09:00:00,27.79213,0.8546008,296.99966,9.329189,229.16971,-4213.659,1157.6621,0
2022-02-26 12:00:00,46.229263,0.94084185,296.87628,8.807381,225.0345,-4082.7373,781.3571,1
2022-02-26 15:00:00,27.603186,0.78022623,286.6703,8.482333,151.507,-4648.1577,528.74,0
2022-02-26 18:00:00,15.389292,0.6910405,237.01506,7.286111,103.40334,-3063.5667,227.5,0
2022-02-26 21:00:00,8.662717,0.57516825,221.86235,7.8178725,166.5968,-4613.8223,1020.78723,0
2022-02-27 00:00:00,11.728691,0.67839664,257.97153,6.4317646,258.20587,-4688.6914,649.1177,0
2022-02-27 03:00:00,44.968037,0.86904323,291.5796,7.0526314,150.37825,-4513.6636,670.2281,0
2022-02-27 06:00:00,25.494274,0.79703933,272.98566,8.096786,151.44441,-3711.3933,470.64285,0
2022-02-27 09:00:00,39.392902,1.0063295,350.32077,7.467334,265.915,-4381.29,998.3333,1
2022-02-27 12:00:00,45.694706,0.9324257,297.89807,9.701806,214.85583,-3933.553,1261.3889,1
2022-02-27 15:00:00,32.91376,0.899792,311.60297,8.875599,198.11133,-4443.5127,687.4,0
2022-02-27 18:00:00,14.141325,0.68067926,257.21494,10.257083,131.63335,-3202.515,222.14583,0
2022-02-27 21:00:00,41.483246,0.9691399,278.09268,9.624779,223.48451,-3894.0334,826.23895,1
2022-02-28 03:00:00,42.69318,0.7927869,279.8537,7.286667,130.36826,-4766.6655,785.34784,0
2022-02-28 06:00:00,19.898552,0.7521328,271.23102,8.710306,150.72833,-3714.1123,447.28244,0
2022-02-28 09:00:00,42.015884,0.9281284,274.35526,8.058572,203.63133,-4605.428,906.8571,1
2022-02-28 12:00:00,29.37904,0.92388093,372.25934,10.127392,204.40668,-3814.9858,936.28986,0
2022-02-28 15:00:00,28.767786,0.7754119,294.6917,8.696573,163.66707,-4513.675,592.5035,0
2022-02-28 18:00:00,7.172883,0.5930277,201.89082,5.494074,79.6726,-3527.387,216.66667,0
2022-02-28 21:00:00,62.065395,1.2084376,317.71402,11.060714,177.25893,-4473.3477,1032.7858,1
2022-03-01 03:00:00,30.323488,0.8012786,273.73303,7.501959,147.38052,-4823.1074,821.6185,0
2022-03-01 06:00:00,13.94086,0.70498484,288.40472,8.971644,173.30699,-2960.2307,330.9863,0
2022-03-01 09:00:00,71.111496,1.0922873,280.1145,8.716667,155.68048,-4374.5957,784.6905,1
2022-03-01 12:00:00,26.291388,0.7719072,300.49738,9.6569,221.32985,-4123.701,1285.3802,0
2022-03-01 15:00:00,22.523119,0.7632239,262.1642,9.039302,174.80766,-4449.329,752.48834,0
2022-03-01 18:00:00,13.065319,0.7195763,273.42993,8.606728,125.516,-3532.974,278.1091,0
2022-03-02 12:00:00,46.249176,1.0211153,283.35992,10.047262,224.95143,-4189.873,954.3929,1
2022-03-02 15:00:00,29.245062,0.8023583,282.67358,8.869379,181.13876,-4066.2534,605.2795,0
2022-03-02 18:00:00,4.97692,0.5741383,231.16182,5.6821046,53.951584,-3973.1243,254.57895,0
2022-03-02 21:00:00,18.07601,0.7974067,209.88657,6.1559997,263.32352,-4858.4966,1258.0,0
2022-03-03 00:00:00,24.901407,0.79531705,276.43152,9.837001,158.71034,-3720.2234,829.1,0
2022-03-03 03:00:00,16.82129,0.72651917,267.29218,8.167999,162.93875,-5045.8257,918.775,0
2022-03-03 06:00:00,35.293274,0.8351383,284.80942,9.878209,168.69194,-3275.3333,489.95523,0
2022-03-03 09:00:00,42.34895,0.9611719,312.33386,11.362126,259.3566,-4278.471,867.21277,1
2022-03-03 12:00:00,33.60994,0.8924184,296.78122,8.990426,195.80476,-4165.284,1074.9043,0
2022-03-03 15:00:00,23.306692,0.7860896,266.86496,9.4264,159.97728,-4611.464,660.464,0
2022-03-03 18:00:00,30.940502,0.8503519,273.0704,8.464944,170.95651,-3753.2683,407.3146,0
2022-03-03 21:00:00,16.519169,0.818761,235.33655,8.358636,177.555,-4216.6704,991.8333,0
2022-03-04 00:00:00,24.517708,1.0453931,342.71985,10.3099985,238.08766,-4808.954,636.8,1
2022-03-04 03:00:00,10.556399,0.70847213,232.11581,5.928666,89.86511,-4529.377,245.66667,0
2022-03-04 06:00:00,26.799606,0.8096608,282.24582,7.978525,155.36409,-3822.77,507.27563,0
2022-03-04 09:00:00,54.669502,1.2166882,295.77957,9.278967,206.19069,-4437.0654,695.4138,1
2022-03-04 12:00:00,17.52874,0.752885,286.34195,7.587565,180.17616,-4044.7507,1139.1666,0
2022-03-04 15:00:00,22.177937,0.8047465,304.54907,8.711283,198.51318,-4287.318,684.8919,0
2022-03-04 18:00:00,3.9617724,0.5002586,203.9496,5.926176,106.41854,-3909.2437,189.64706,0
2022-03-04 21:00:00,21.324724,0.83867264,269.39438,8.7863865,188.41245,-3853.6274,828.82355,0
2022-03-05 03:00:00,27.358297,0.8604372,244.6187,7.4,118.21028,-4886.239,885.726,0
2022-03-05 06:00:00,15.99981,0.70404667,291.7077,8.837048,152.53267,-3690.6125,440.51428,0
2022-03-05 09:00:00,41.026028,0.9541631,286.28757,8.805613,214.33478,-4531.83,946.40814,1
2022-03-05 12:00:00,30.921314,0.966869,333.73898,11.00131,210.58394,-3580.19,899.13116,1
2022-03-05 15:00:00,19.049961,0.72552955,280.50787,8.342647,148.60823,-4151.714,496.19412,0
2022-03-05 18:00:00,17.035849,0.67166746,225.52368,7.4412,131.75682,-3701.473,237.4,0
2022-03-05 21:00:00,24.91063,0.87699115,310.18915,8.505464,202.7073,-4295.775,1026.763,0
2022-03-06 03:00:00,23.862497,0.7946276,287.87848,9.175063,162.79938,-4821.3467,843.4177,0
2022-03-06 06:00:00,5.46634,0.5885834,212.5892,6.8881807,76.35999,-4437.656,311.04544,0
2022-03-06 09:00:00,36.765495,1.0597874,309.75385,10.258048,194.66219,-4600.2383,800.7317,1
2022-03-06 12:00:00,22.80205,0.7778398,262.9899,7.7376804,167.41014,-3994.11,1304.5217,0
2022-03-06 15:00:00,26.210503,0.83647615,300.63116,9.274759,190.71745,-4414.813,716.5586,0
2022-03-06 18:00:00,19.2514,0.8168837,251.81906,8.3955555,147.9521,-3727.6882,466.5778,0
2022-03-06 21:00:00,10.671892,0.6942361,257.12445,7.6154156,172.4314,-4025.0803,775.3611,0
2022-03-07 03:00:00,13.9985895,0.6769864,238.96896,8.032001,100.881386,-4860.296,641.7077,0
2022-03-07 06:00:00,24.375355,0.7681733,271.54962,8.022895,142.64407,-4135.9834,540.5789,0
2022-03-07 12:00:00,17.97607,0.7975667,286.26862,8.883684,201.2384,-4126.247,939.9868,0
2022-03-07 15:00:00,23.207441,0.75607467,259.80487,9.275739,160.41383,-4711.1177,679.23773,0
2022-03-07 18:00:00,2.5323877,0.53058094,199.24939,5.2388234,86.97118,-3382.7393,241.11765,0
2022-03-07 21:00:00,18.548351,0.7516941,301.26727,8.46016,195.6313,-4439.0967,1040.6129,0
2022-03-08 00:00:00,5.980073,0.5967672,202.7487,6.8355813,153.29907,-4265.553,1090.5814,0
2022-03-08 03:00:00,35.59049,0.85281885,253.37256,10.424597,142.09402,-4968.073,858.13794,0
2022-03-08 06:00:00,20.620493,0.8040496,263.5083,8.748292,166.42474,-3179.572,426.07318,0
2022-03-08 09:00:00,37.582817,0.97995645,276.49017,8.6385,217.67749,-4406.837,822.175,1
2022-03-08 12:00:00,13.306376,0.69112813,262.08356,7.8586664,201.21654,-4061.8667,1089.6888,0
2022-03-08 15:00:00,34.420986,0.9003931,316.987,9.720656,191.35966,-4339.0547,722.32117,0
2022-03-08 18:00:00,20.281694,0.75092196,292.50076,7.3588295,144.10435,-3951.227,459.85107,0
2022-03-08 21:00:00,15.799734,0.7593963,271.7732,8.8657,180.57309,-4124.4907,908.53,0
2022-03-09 00:00:00,15.275877,0.8778939,308.93585,8.060909,219.54271,-4833.4604,630.63635,0
2022-03-09 03:00:00,11.90455,0.6996218,254.50748,7.4128847,125.03923,-4683.351,319.80768,0
2022-03-09 06:00:00,27.37862,0.84626424,270.70224,7.972342,144.45728,-3944.079,458.1329,0
2022-03-09 09:00:00,19.604815,0.82318383,347.79843,7.9463496,206.29602,-4677.3047,735.15875,0
2022-03-09 12:00:00,11.979385,0.6780361,271.6645,7.188433,184.63927,-4166.8135,1030.4216,0
2022-03-09 15:00:00,35.33552,0.9493865,278.83383,9.161048,179.01103,-3995.4492,660.22375,1
2022-03-09 18:00:00,3.3105772,0.52915156,203.11351,7.193125,89.48125,-4367.2705,223.8125,0
2022-03-09 21:00:00,18.368975,0.7309229,282.32086,6.5630183,191.72983,-4453.8745,920.717,0
2022-03-10 03:00:00,35.972946,0.7966048,273.82733,8.434323,159.71785,-5062.8916,930.5135,0
2022-03-10 06:00:00,4.0994797,0.5116813,252.94072,5.921,60.360004,-3110.2317,229.3,0
2022-03-10 09:00:00,28.411104,0.9042052,279.37186,8.795343,232.23807,-4207.4043,1155.1644,0
2022-03-10 12:00:00,22.983967,0.77049685,281.42447,7.6889286,193.15797,-4096.005,784.5952,0
2022-03-10 15:00:00,17.686707,0.72311205,262.98688,7.6810064,171.29799,-4669.9927,532.24835,0
2022-03-10 18:00:00,19.683008,0.75355375,283.56085,8.78135,64.3427,-3015.4915,224.89189,0
2022-03-10 21:00:00,13.093585,0.6478704,273.27594,7.4318614,183.36342,-4287.024,968.9804,0
2022-03-11 00:00:00,17.256678,0.7410609,273.03937,8.297046,241.48976,-4604.8403,729.9773,0
2022-03-11 03:00:00,21.410368,0.80651987,266.48672,8.207334,145.1575,-4520.5645,706.31665,0
2022-03-11 06:00:00,15.764325,0.74439037,244.27487,6.9873843,104.070465,-4755.4277,469.7077,0
2022-03-11 09:00:00,38.227764,0.91728723,332.78632,8.248333,250.90501,-4381.305,998.3333,0
2022-03-11 12:00:00,11.360674,0.63534975,286.44513,6.9823194,177.34029,-4012.5085,1258.5652,0
2022-03-11 15:00:00,22.494358,0.7944902,284.3983,8.725999,191.33047,-4451.7866,686.8,0
2022-03-11 18:00:00,12.467015,0.6473357,242.84306,6.3204346,113.488686,-3218.1772,221.26086,0
2022-03-11 21:00:00,10.368112,0.6458306,250.57217,7.6744337,195.02263,-3859.1025,819.9717,0
2022-03-12 03:00:00,19.498833,0.74317515,261.7751,7.4263234,129.11691,-4762.8223,788.5294,0
2022-03-12 06:00:00,14.393827,0.71617186,249.293,7.5906057,176.42386,-3659.7007,443.52274,0
2022-03-12 09:00:00,19.564728,0.7317003,297.26938,7.7178407,189.6151,-4592.9546,900.2273,0
2022-03-12 12:00:00,14.607624,0.7235798,305.28714,8.253181,200.78833,-3797.625,949.7879,0
2022-03-12 15:00:00,20.02646,0.76433915,268.9129,8.435378,156.47208,-4493.099,595.8138,0
2022-03-12 18:00:00,5.0319166,0.5759303,227.38086,5.8858624,91.586205,-3402.6462,208.6207,0
2022-03-12 21:00:00,19.988367,0.7701813,300.85275,9.533571,200.55284,-4472.32,1032.7858,0
2022-03-13 03:00:00,12.913524,0.67977583,305.97696,7.882286,167.60443,-4754.8203,1010.9429,0
2022-03-13 06:00:00,25.962496,0.8994614,276.5072,7.0302863,154.60413,-2956.3455,333.6,0
2022-03-13 09:00:00,26.873934,0.8421089,314.65527,8.923333,172.26334,-4374.1606,784.6905,0
2022-03-13 12:00:00,10.502329,0.64786404,275.663,8.946,210.16647,-4186.542,1241.8154,0
2022-03-13 15:00:00,18.63424,0.7766801,304.28583,8.661249,180.92445,-4440.002,752.6953,0
2022-03-13 18:00:00,17.734415,0.70826447,275.46332,7.773814,131.43639,-3798.333,447.79382,0
2022-03-13 21:00:00,14.148957,0.6866218,286.41837,9.106568,193.92207,-4038.7744,865.0098,0
2022-03-14 03:00:00,11.205021,0.6666914,264.163,7.4389825,108.73611,-4927.35,468.25424,0
2022-03-14 06:00:00,21.692207,0.8392584,274.27734,9.124824,152.5761,-4063.7788,456.12766,0
2022-03-14 09:00:00,18.13225,0.715882,252.51648,9.231148,244.82524,-4742.765,836.93445,0
2022-03-14 12:00:00,16.932045,0.7847627,345.27045,9.729765,205.03766,-4185.2466,949.9059,0
2022-03-14 15:00:00,22.247622,0.7425735,267.28876,9.0671425,165.03209,-3643.5051,402.7912,0
2022-03-14 18:00:00,4.623794,0.46743816,230.04532,8.026499,70.872505,-3993.931,255.9,0
2022-03-14 21:00:00,8.1105175,0.6422123,211.78299,8.2775,161.24501,-4858.3877,1258.1,0
2022-03-15 00:00:00,17.051914,0.8351407,329.40515,10.054131,205.90392,-3493.9436,672.65216,0
2022-03-15 03:00:00,19.386639,0.74821246,306.3722,7.4476914,134.0145,-5028.403,924.4872,0
2022-03-15 06:00:00,5.8263597,0.55218923,222.67908,7.287059,75.10148,-3923.1682,264.47058,0
2022-03-15 09:00:00,20.981941,0.7503587,280.18317,11.227274,167.51517,-4406.0522,913.3939,0
2022-03-15 18:00:00,4.23203,0.51094806,217.32617,6.2175,93.535,-4510.9004,161.91667,0
2022-03-15 21:00:00,25.88113,0.9735085,395.91885,10.822904,227.48195,-4160.472,947.74194,1
2022-03-16 06:00:00,41.277546,0.8206562,261.93442,9.167176,154.98294,-4526.5522,661.6941,0
2022-03-16 09:00:00,36.57494,0.91746587,360.1424,10.042881,187.32814,-4477.0894,686.9153,0
2022-03-16 15:00:00,30.62021,0.89885205,257.523,10.228234,205.6492,-3678.6763,328.39215,0
2022-03-16 18:00:00,3.3885033,0.45607597,221.60654,5.4564514,82.218056,-3881.4966,196.90323,0
2022-03-17 06:00:00,2.347839,0.46996063,204.71524,6.9045444,70.55091,-3197.2458,247.27272,0
2022-03-17 09:00:00,28.23392,0.8054186,278.98663,7.991528,184.63098,-4573.623,939.3333,0
2022-03-17 12:00:00,36.09611,1.0194051,243.51712,9.796999,211.021,-3556.7942,1204.25,1
2022-03-17 15:00:00,21.635023,0.7175732,261.62317,7.798402,153.78722,-4152.015,503.24854,0
2022-03-17 18:00:00,4.492036,0.55883354,198.07565,7.2119045,112.62857,-3521.1506,234.90475,0
2022-03-17 21:00:00,17.892033,0.7542431,293.10123,9.687187,178.91751,-4281.495,1084.5781,0
2022-03-18 00:00:00,14.082978,0.69787866,283.4275,7.523,180.22221,-4433.621,889.3,0
2022-03-18 03:00:00,35.17519,0.9197091,256.95062,8.003375,193.35336,-4820.327,834.025,0
2022-03-18 06:00:00,10.992922,0.69342077,241.85727,7.4750443,147.8593,-3421.5723,415.0,0
2022-03-18 09:00:00,52.65169,1.177662,336.28964,9.32923,259.74588,-4568.0884,833.4359,1
2022-03-18 12:00:00,17.957537,0.793191,309.65668,9.679858,201.43211,-4013.8376,1304.5352,0
2022-03-18 15:00:00,24.86835,0.81791115,281.5166,9.11632,189.79932,-4427.92,721.2708,0
2022-03-18 18:00:00,21.000908,0.72076476,243.59773,8.267633,166.01796,-3806.1592,465.01074,0
2022-03-18 21:00:00,22.351347,0.79106563,284.1516,10.0106945,197.40154,-4025.606,775.4583,0
2022-03-19 03:00:00,24.967896,0.7607627,251.13913,7.6964064,183.1536,-4859.587,648.1406,0
2022-03-19 06:00:00,13.336898,0.7107984,261.03046,8.360788,178.59053,-4162.9624,538.8289,0
2022-03-19 09:00:00,20.916489,0.8665899,247.47281,8.451589,217.20558,-4699.4795,897.1111,0
2022-03-19 12:00:00,15.088246,0.74651515,322.6822,8.467671,177.51822,-4129.191,945.23285,0
2022-03-19 15:00:00,26.275333,0.8048056,243.65182,9.007133,181.86452,-4709.8306,679.23773,0
2022-03-19 18:00:00,6.102778,0.56019115,237.76245,9.14111,85.475,-3350.1282,243.83333,0
2022-03-19 21:00:00,40.50048,0.91527617,286.7229,9.250345,198.49121,-4483.5806,1077.9482,0
2022-03-20 03:00:00,21.19133,0.8024975,240.36116,8.492529,156.72711,-4969.111,858.0575,0
2022-03-20 06:00:00,5.383889,0.58677924,241.27934,7.3756514,74.317825,-3487.6404,264.17392,0
2022-03-20 09:00:00,19.705166,0.81040317,298.81134,11.071859,240.87906,-4453.5303,780.8372,0
2022-03-20 12:00:00,24.640482,0.8412795,276.84552,9.202556,197.57535,-4061.1445,1089.6555,0
2022-03-20 15:00:00,20.73383,0.7483014,262.7657,8.741764,193.78339,-4348.462,726.10297,0
2022-03-20 18:00:00,16.781391,0.7277109,249.85498,8.96866,186.58618,-3994.607,454.09277,0
2022-03-20 21:00:00,21.532614,0.80438775,270.6067,8.064926,181.84402,-4143.38,900.1642,0
2022-03-21 03:00:00,16.699533,0.6400484,252.59409,7.346923,116.79616,-4683.371,319.8846,0
2022-03-21 06:00:00,25.653477,0.80788296,256.58148,8.196667,161.93147,-3923.7532,451.37656,0
2022-03-21 09:00:00,30.425753,0.8736684,299.69348,10.567812,193.6278,-4654.023,723.8906,0
2022-03-21 12:00:00,14.136527,0.7666336,285.96396,9.094458,217.48903,-4166.097,1030.3011,0
2022-03-21 15:00:00,38.199783,0.8486792,254.26608,9.0511265,176.90646,-3987.9797,652.9859,0
2022-03-21 18:00:00,4.8610315,0.5873168,219.19312,7.8690476,74.88094,-4125.828,245.42857,0
2022-03-21 21:00:00,15.312028,0.72469014,290.69562,9.638858,199.54019,-4138.033,898.2544,0
2022-03-22 00:00:00,44.890965,1.3265,255.83069,11.434999,303.755,-2934.081,357.5,1
2022-03-22 03:00:00,13.020395,0.67434,240.20944,6.9714284,120.70701,-5068.7417,929.8831,0
2022-03-22 06:00:00,4.878468,0.6987595,255.36292,7.9427266,74.68,-3229.9087,256.63635,0
2022-03-22 09:00:00,31.505512,0.97353333,276.75305,10.381507,220.6359,-4211.471,1154.7808,1
2022-03-22 12:00:00,35.705746,0.9098876,307.15274,9.303012,227.83855,-4061.189,786.79517,0
2022-03-22 15:00:00,21.98599,0.700717,243.54305,7.044966,159.10236,-4621.4624,534.26843,0
2022-03-22 18:00:00,14.365475,0.7064638,237.85197,6.2300005,162.9235,-3014.9294,224.86487,0
2022-03-22 21:00:00,13.106946,0.7572487,256.72638,7.6295643,161.10088,-4631.734,1007.43475,0
2022-03-23 00:00:00,56.328445,1.4687501,397.11264,15.275999,250.70801,-3586.5679,519.4,1
2022-03-23 03:00:00,32.800713,0.8650425,257.2865,6.6908336,150.32283,-4521.151,706.2167,0
2022-03-23 06:00:00,14.212623,0.6953317,252.59073,8.080159,168.71368,-3753.7007,511.128,0
2022-03-23 12:00:00,23.009008,0.83857346,308.45078,8.723888,204.52528,-3957.399,1260.2778,0
2022-03-23 15:00:00,26.589514,0.80419695,279.75012,8.915394,176.73262,-4453.0273,690.5395,0
2022-03-23 18:00:00,5.483939,0.5011548,223.19803,5.693111,150.49934,-3186.4456,221.84445,0
2022-03-23 21:00:00,31.659603,0.9494386,295.49265,9.701315,233.39209,-3992.8823,963.7632,1
2022-03-24 03:00:00,23.226786,0.72019327,246.9511,7.0814924,90.05031,-4788.313,804.13434,0
2022-03-24 06:00:00,16.834452,0.7362231,265.7889,7.617903,157.8033,-3770.24,456.92743,0
2022-03-24 09:00:00,34.46244,0.9161514,307.28622,8.298539,229.73293,-4604.056,910.97754,0
2022-03-24 12:00:00,28.024614,0.9626298,342.67413,9.840313,210.64249,-3765.8647,946.625,1
2022-03-24 15:00:00,21.77179,0.77645236,272.82535,9.1119585,154.20894,-4499.5137,601.5664,0
2022-03-24 18:00:00,9.935237,0.5499459,247.6763,6.126666,82.77334,-3102.9363,226.88889,0
2022-03-25 03:00:00,17.144257,0.77511144,268.7704,7.6562753,138.0336,-4810.13,824.28723,0
2022-03-25 06:00:00,31.235989,0.8162292,267.7729,7.6447053,190.75232,-2997.0957,338.22058,0
2022-03-25 09:00:00,28.974245,0.92539966,270.35126,8.431429,215.41858,-4375.24,784.7143,1
2022-03-25 12:00:00,21.979088,0.83038443,313.2394,8.192318,206.09203,-4093.235,1288.9711,0
2022-03-25 15:00:00,28.590298,0.8426933,295.3737,8.817324,188.08324,-4433.619,759.77954,0
2022-03-25 18:00:00,16.05997,0.7225575,237.49248,6.6601133,181.99716,-3849.9993,470.8409,0
2022-03-25 21:00:00,23.30076,0.8598239,287.7306,7.771584,199.51744,-4045.0798,863.1485,0
2022-03-26 03:00:00,11.868963,0.6143304,253.3241,6.9905086,130.6339,-4927.0356,468.22034,0
2022-03-26 06:00:00,34.91591,0.9437386,276.7001,8.588161,178.24228,-4109.9463,463.54413,1
2022-03-26 09:00:00,20.048391,0.7866682,305.74118,8.984838,222.01791,-4763.678,827.1129,0
2022-03-26 12:00:00,28.067528,0.98124206,319.34637,8.841666,199.19978,-4205.306,958.631,1
2022-03-26 15:00:00,24.961918,0.8351372,262.60782,8.45475,180.88043,-4076.6157,607.28125,0
2022-03-26 18:00:00,3.9421675,0.5593673,208.60995,4.9741173,176.63528,-3976.0928,226.64706,0
2022-03-26 21:00:00,11.319207,0.7282267,234.17781,4.2564707,98.97882,-4828.2617,1272.5883,0
2022-03-27 00:00:00,17.83438,0.79649824,302.25757,7.9521275,193.39233,-3505.6938,680.8723,0
2022-03-27 03:00:00,15.722041,0.74193287,250.09836,6.855625,147.85112,-5044.61,918.75,0
2022-03-27 06:00:00,27.692112,0.8618673,263.54742,7.419222,177.00166,-3399.9595,421.2,0
2022-03-27 09:00:00,20.323835,0.86876994,309.75223,9.633191,236.82935,-4279.0825,867.21277,0
2022-03-27 12:00:00,30.208002,0.9016609,301.06976,8.917253,206.96284,-4162.172,1081.7142,0
2022-03-27 15:00:00,33.23537,0.899586,273.8736,7.3859997,172.1616,-4573.248,659.4,0
2022-03-27 18:00:00,13.512983,0.6358404,237.22559,6.1728578,181.74518,-3770.1968,406.65933,0
2022-03-27 21:00:00,25.82522,0.96041775,313.06775,8.328542,215.94948,-4197.493,986.625,1
2022-03-28 00:00:00,18.185352,0.880546,277.8504,7.413333,271.03867,-4808.976,636.8333,0
2022-03-28 03:00:00,6.2816133,0.5302109,221.97372,6.086222,103.25578,-4524.8154,245.68889,0
2022-03-28 06:00:00,22.509823,0.8258464,275.57062,6.8311687,169.58754,-3828.5146,515.6558,0
2022-03-28 09:00:00,35.677303,1.1145523,318.84152,9.310665,208.153,-4484.961,679.81665,1
2022-03-28 12:00:00,17.758747,0.7925859,263.82928,8.2797365,181.94316,-4024.0007,1155.0132,0
2022-03-28 15:00:00,24.949816,0.87302464,267.36038,7.8917994,187.93427,-4299.8325,687.17334,0
2022-03-28 18:00:00,2.8458517,0.45000702,225.89795,5.077647,159.73233,-3906.713,189.70589,0
2022-03-28 21:00:00,27.086369,0.95804244,280.5146,7.542325,200.35255,-4257.2153,958.48834,1
2022-03-29 03:00:00,17.325771,0.71166503,245.5293,6.155833,122.439995,-4882.634,872.8889,0
2022-03-29 06:00:00,12.606595,0.7302383,239.18135,6.396542,163.3644,-3666.0515,438.3458,0
2022-03-29 09:00:00,35.93339,0.9044236,262.92105,8.132551,204.95093,-4531.216,946.4388,0
2022-03-29 12:00:00,15.624421,0.8680808,292.39935,10.727358,229.78377,-3516.4583,852.283,0
2022-03-29 15:00:00,12.287491,0.65709084,241.70747,7.063833,138.2705,-4231.2515,505.9042,0
2022-03-29 18:00:00,12.0059805,0.6498219,241.5104,7.571,177.20749,-3586.2676,238.55,0
2022-03-29 21:00:00,14.588142,0.76731634,274.1727,8.144843,188.87766,-4280.536,1084.6406,0
2022-03-30 00:00:00,28.264807,0.78769064,288.87125,9.2336,216.1178,-4434.824,889.34,0
2022-03-30 03:00:00,10.653049,0.6385852,244.2355,6.5964556,142.52127,-4814.126,837.55695,0
2022-03-30 06:00:00,12.026134,0.6689478,279.78387,7.3459253,135.18056,-3523.181,426.56482,0
2022-03-30 09:00:00,31.899845,0.8942418,318.87646,9.167856,203.58,-4582.8257,785.7381,0
2022-03-30 12:00:00,7.6695766,0.6174715,273.73593,7.582677,220.9476,-4013.7166,1304.5493,0
2022-03-30 15:00:00,18.585283,0.74737006,279.05072,8.495069,164.94708,-4407.25,717.7847,0
2022-03-30 18:00:00,14.229477,0.69291496,259.10797,7.8027835,137.4435,-3726.1963,447.72165,0
2022-03-30 21:00:00,24.675161,0.8168891,248.44278,8.354721,199.8014,-4025.9521,775.5139,0
2022-03-31 03:00:00,7.3069696,0.5755874,252.8646,7.427143,111.587616,-4859.727,651.68256,0
2022-03-31 06:00:00,12.28529,0.676762,255.54391,8.348961,141.51466,-4119.8384,536.1169,0
2022-03-31 09:00:00,7.6225405,0.58378464,249.93027,6.803226,182.52646,-4659.9683,910.0645,0
2022-03-31 12:00:00,41.90244,0.929506,287.50922,10.643816,192.24158,-4126.146,939.9079,1
2022-03-31 15:00:00,16.674091,0.68425524,248.22568,8.677624,166.94386,-4711.0015,679.31146,0
2022-03-31 18:00:00,3.2171657,0.46961015,227.55344,7.7655554,114.267784,-3350.5894,243.83333,0
2022-04-01 00:00:00,18.795185,0.7048668,256.58078,8.603722,217.7142,-4271.636,1091.6511,0
2022-04-01 03:00:00,12.015607,0.73816,225.73386,7.7459993,65.274,-5074.996,904.6,0
2022-04-01 06:00:00,24.50853,0.81513834,263.42023,9.210361,151.45541,-3167.745,423.53012,0
2022-04-01 09:00:00,11.304017,0.6850034,281.97333,9.794884,200.20416,-4452.4146,780.7907,0
2022-04-01 12:00:00,20.306902,0.70743984,250.87578,8.035889,218.09422,-4061.1528,1089.6333,0
2022-04-01 15:00:00,30.252907,1.0763937,290.26373,12.189666,246.77266,-3729.6814,1473.6,1
2022-04-01 21:00:00,16.833784,0.70888597,261.9599,6.8071995,221.28864,-4123.802,908.61,0
2022-04-02 03:00:00,11.523926,0.6563512,260.147,6.5224004,122.432205,-4694.5337,330.86,0
2022-04-02 06:00:00,34.904606,0.82643574,258.38855,8.621411,167.87965,-3916.992,449.25153,0
2022-04-02 09:00:00,11.836529,0.66775733,280.80695,8.525762,216.6129,-4612.7393,755.7458,0
2022-04-02 12:00:00,14.7179575,0.68536323,262.44333,8.437403,229.03662,-4199.2847,1065.883,0
2022-04-02 15:00:00,26.723488,0.8993251,307.63766,9.323869,192.41078,-4061.5671,681.27734,0
2022-04-02 18:00:00,3.2656431,0.51608,212.31955,8.373809,114.82047,-4126.579,245.38095,0
2022-04-02 21:00:00,17.570498,0.6611354,272.86682,7.0602126,221.45107,-4208.714,979.2234,0
2022-04-03 03:00:00,27.374996,0.7753843,254.98532,6.899467,153.95851,-5062.7363,942.0133,0
2022-04-03 06:00:00,39.75382,0.854422,247.17542,8.3635645,153.65446,-3502.191,410.61386,0
2022-04-03 09:00:00,15.054703,0.7356848,278.75986,8.036622,227.33229,-4212.918,1157.7162,0
2022-04-03 12:00:00,26.319845,0.85167056,277.0248,7.839999,235.49236,-4301.728,595.38336,0
2022-04-03 15:00:00,15.317409,0.681118,262.8538,7.980714,114.79696,-4454.35,444.3393,0
2022-04-03 18:00:00,12.082005,0.7115208,207.83846,5.7527027,120.4538,-3014.7522,224.89189,0
2022-04-03 21:00:00,20.478296,0.78198916,278.71707,7.664531,212.86374,-4192.3516,1052.125,0
2022-04-04 00:00:00,25.029629,0.8867835,306.47333,7.757111,230.86354,-4620.7,725.93335,0
2022-04-04 03:00:00,41.87233,0.87884855,284.6207,9.076999,154.9125,-4521.355,706.1667,0
2022-04-04 06:00:00,33.65634,0.8423856,267.56738,8.129852,166.66888,-3754.3682,486.06616,0
2022-04-04 09:00:00,8.7078085,0.6589271,286.43024,9.355332,310.63605,-4380.2607,998.36664,0
2022-04-04 12:00:00,18.809715,0.79331404,278.5475,7.423944,199.02928,-3934.983,1272.2394,0
2022-04-04 15:00:00,62.022655,1.0381168,283.8625,9.130596,188.0898,-4445.213,693.1921,1
2022-04-04 18:00:00,4.8882008,0.5025588,221.78096,7.4804363,98.205864,-3216.5156,217.5,0
2022-04-04 21:00:00,17.860966,0.79813045,298.40448,9.357272,267.82968,-4014.0535,1047.9697,0
2022-04-05 03:00:00,58.135715,0.9155756,272.88626,7.1105876,144.09059,-4765.426,793.7647,0
2022-04-05 06:00:00,27.211946,0.791031,255.50989,8.251279,158.33743,-3843.464,465.552,0
2022-04-05 09:00:00,14.640837,0.7837507,267.0733,7.8216677,222.12766,-4600.676,897.7222,0
2022-04-05 12:00:00,33.099827,0.9722384,314.00034,8.574328,181.59299,-3784.112,931.791,1
2022-04-05 15:00:00,31.904724,0.89973086,279.12497,7.626364,160.95078,-4491.8726,599.94403,0
2022-04-05 18:00:00,2.7112434,0.5627211,189.99823,8.268823,65.831764,-3196.2463,234.70589,0
2022-04-06 03:00:00,42.46448,0.95598966,280.27985,7.5,171.94,-4822.6074,821.6185,1
2022-04-06 06:00:00,8.195337,0.63559824,232.21086,8.740769,151.07999,-2884.431,240.9423,0
2022-04-06 09:00:00,22.87044,0.89233696,322.00446,10.010732,286.5534,-4426.1353,801.53656,0
2022-04-06 12:00:00,29.968037,0.81033784,275.02808,7.441999,204.4534,-4156.749,1292.6,0
2022-04-06 15:00:00,26.101946,0.7990028,283.46997,9.611982,189.71158,-4496.465,760.99207,0
2022-04-06 18:00:00,15.935981,0.69591725,282.28183,9.435979,159.49475,-3798.4316,447.7835,0
2022-04-06 21:00:00,38.21226,0.88134766,302.5171,9.259082,222.28296,-4046.72,894.31635,0
2022-04-07 03:00:00,33.903126,0.7957765,253.79587,6.879492,123.43679,-4927.4087,468.25424,0
2022-04-07 06:00:00,17.653666,0.7746663,258.44812,10.735071,154.94887,-4063.2532,452.5357,0
2022-04-07 09:00:00,28.398638,0.84458286,362.43707,7.764068,204.44101,-4720.3955,846.4237,0
2022-04-07 12:00:00,35.466255,0.8226339,241.83708,7.59065,164.9013,-4171.1743,978.4415,0
2022-04-07 15:00:00,21.657541,0.7881879,245.58427,9.014625,179.68962,-4076.6133,606.15625,0
2022-04-07 18:00:00,2.6673548,0.52132,179.11322,7.2874994,82.12851,-3992.6028,255.9,0
2022-04-08 03:00:00,23.660908,0.8595624,252.82022,7.4691133,173.84822,-5035.5605,922.8608,0
2022-04-09 00:00:00,26.649069,0.76655364,278.85193,17.5,269.10928,-5020.403,590.2143,0
2022-04-09 06:00:00,18.717722,0.8064469,250.51566,6.911132,154.71358,-3893.9565,525.45654,0
2022-04-09 12:00:00,17.604185,0.7245189,288.53467,9.956666,186.70273,-4054.7002,1162.909,0
2022-04-10 15:00:00,33.11313,0.84778464,257.63168,14.7275,221.48788,-4185.6562,501.071,0
2022-04-13 12:00:00,48.819115,1.0096996,302.41183,11.096842,204.08023,-4055.586,1102.3182,1
2022-04-13 18:00:00,21.286646,0.70585555,241.18803,8.178536,198.60602,-4046.6873,467.82794,0
2022-04-15 09:00:00,88.938095,1.7088417,265.417,7.8716664,230.08083,-4225.7417,1153.4247,1
2022-04-16 09:00:00,124.676315,1.6830938,413.84924,12.193332,259.8783,-4381.835,998.3,1
2022-04-17 06:00:00,34.905888,0.7973163,255.37239,7.8662496,225.6642,-3698.4148,447.3411,0
2022-04-17 15:00:00,40.735073,0.8858501,270.22372,4.9941373,167.54514,-4495.367,598.4653,0
2022-04-18 09:00:00,31.213314,0.91294205,310.07297,13.8603115,217.13762,-4374.494,784.7619,0
2022-04-19 03:00:00,68.58873,0.77732193,241.89407,8.0589285,119.498215,-4944.3086,488.8393,0
2022-04-19 18:00:00,2.7809498,0.42842716,209.36398,6.1354995,91.426,-3994.109,255.95,0
2022-04-21 12:00:00,24.115496,0.951225,256.81577,11.012499,183.45572,-4044.6682,1175.6533,1
2022-04-23 18:00:00,21.159546,0.7901808,247.8649,8.20381,189.58594,-3825.0808,453.77084,0
2022-04-26 06:00:00,48.78039,0.91741335,240.17993,7.2517633,155.02281,-4020.3015,464.4895,0
2022-04-26 09:00:00,36.826313,1.0272276,306.8859,9.617031,196.09265,-4653.73,723.8906,1
2022-04-28 03:00:00,41.730503,0.9525344,274.48602,7.4644437,132.45316,-4521.398,706.3,1
2022-04-28 06:00:00,52.748825,0.8988568,262.4549,8.865811,164.87244,-3740.3103,470.74808,0
2022-04-28 12:00:00,17.819557,0.78141963,302.10553,11.483333,181.80315,-3941.4385,1291.9572,0
2022-04-29 15:00:00,44.66328,0.8774409,273.18246,6.502069,153.88875,-4495.009,598.4722,0
